nome;dimensao;material; qtd ;unid; unit ; total 
TUBO COM PONTA E BOLSA JUNTA ELÁSTICA JE2GS K7;DN1000;FD; 1.512,00 ;m; 3.381,18 ; 5.112.344,16 
TUBO COM PONTA E BOLSA JUNTA TRAVADA EXTERNA JTE K7;DN1000;FD; 497,00 ;m; 5.268,35 ; 2.618.367,96 
CURVA 11°15' COM BOLSAS JUNTA TRAVADA EXTERNA JTE;DN1000;FD; 5,00 ;UN; 30.584,28 ; 152.921,40 
CURVA 22°30' COM BOLSAS JUNTA TRAVADA EXTERNA JTE;DN1000;FD; 10,00 ;UN; 34.594,62 ; 345.946,20 
CURVA 45° COM BOLSAS JUNTA TRAVADA EXTERNA JTE;DN1000;FD; 8,00 ;UN; 37.152,52 ; 297.220,16 
LUVA COM BOLSAS JUNTA ELÁSTICA JE2GS K7;DN1000;FD; 4,00 ;UN; 10.597,37 ; 42.389,48 
TUBO COM PONTA E BOLSA JUNTA ELÁSTICA JE2GS K7;DN1000;FD; 818,07 ;m; 3.381,18 ; 2.766.041,92 
TUBO COM PONTA E BOLSA JUNTA TRAVADA EXTERNA JTE K7;DN1000;FD; 215,50 ;m; 5.268,34 ; 1.135.327,27 
CURVA 11°15' COM BOLSAS JUNTA TRAVADA EXTERNA JTE;DN1000;FD; 2,00 ;UN; 30.584,28 ; 61.168,56 
CURVA 22°30' COM BOLSAS JUNTA TRAVADA EXTERNA JTE;DN1000;FD; 3,00 ;UN; 34.594,62 ; 103.783,86 
CURVA 45° COM BOLSAS JUNTA TRAVADA EXTERNA JTE;DN1000;FD; 6,00 ;UN; 37.152,52 ; 222.915,12 
LUVA COM BOLSAS JUNTA ELÁSTICA JE2GS K7;DN1000;FD; 2,00 ;UN; 10.597,37 ; 21.194,74 
TÊ DE REDUÇÃO COM BOLSAS JUNTA TRAVADA EXTERNA JTE E FLANGE PN10;DN1000x200;FD; 5,00 ;UN; 16.071,94 ; 80.359,70 
VÁLVULA DE GAVETA COM FLANGES E CUNHA DE BORRACHA CORPO CURTO COM VOLANTE PN10;DN200;FD; 5,00 ;UN; 1.424,37 ; 7.121,85 
ARRUELA DE BORRACHA PARA JUNTA FLANGEADA PN10 - DN200;DN200;EPDM; 10,00 ;UN; 36,60 ; 366,00 
PARAFUSOS COM PORCAS SEXTAVADAS E ARRUELAS METÁLICAS PN10 - Ø20mmx90mm;Ø20mmx90mm;AÇO; 80,00 ;UN; 16,84 ; 1.347,20 
TÊ DE REDUÇÃO COM BOLSAS JUNTA TRAVADA EXTERNA JTE E FLANGE PN10;DN1000x200;FD; 6,00 ;UN; 16.071,94 ; 96.431,64 
CURVA 45° COM FLANGES PN10;DN200;FD; 6,00 ;UN; 581,29 ; 3.487,74 
TOCO COM FLANGES PN10;DN200x0,50m;FD; 6,00 ;UN; 730,31 ; 4.381,86 
VÁLVULA DE GAVETA COM FLANGES E CUNHA DE BORRACHA CORPO CURTO COM CABEÇOTE PN10;DN200;FD; 6,00 ;UN; 1.356,14 ; 8.136,84 
TUBO COM FLANGE PN10 E PONTA;DN200x1,00m;FD; 6,00 ;UN; 1.329,48 ; 7.976,88 
TAMPA PARA REGISTRO TD5;100mm;FD; 6,00 ;UN; 31,22 ; 187,32 
ARRUELA DE BORRACHA PARA JUNTA FLANGEADA PN10 - DN200;DN200;EPDM; 24,00 ;UN; 36,60 ; 878,40 
PARAFUSOS COM PORCAS SEXTAVADAS E ARRUELAS METÁLICAS PN10 - Ø20mmx90mm;Ø20mmx90mm;AÇO; 192,00 ;UN; 16,84 ; 3.233,28 
VÁLVULA BORBOLETA FLANGEADA PN10 COM ACIONAMENTO MANUAL COM VOLANTE;DN900;FD; 1,00 ;UN; 49.626,30 ; 49.626,30 
TUBO COM FLANGES PN10;DN900x0,50m;FD; 1,00 ;UN; 17.621,54 ; 17.621,54 
JUNTA DE DESMONTAGEM TRAVADA AXIALMENTE PN10;DN900;FD; 1,00 ;UN; 22.578,34 ; 22.578,34 
REDUÇÃO CONCÊNTRICA COM FLANGES PN10;DN1000x900;FD; 1,00 ;UN; 17.914,76 ; 17.914,76 
TUBO COM FLANGE PN10 E PONTA PARA JUNTA EXTERNA;DN1000x1,00m;FD; 1,00 ;UN; 13.117,39 ; 13.117,39 
LUVA COM BOLSAS E JUNTA TRAVADA EXTERNA JTE;DN1000;FD; 1,00 ;UN; 29.971,78 ; 29.971,78 
VÁLVULA BORBOLETA FLANGEADA PN10 COM ACIONAMENTO MANUAL COM VOLANTE;DN1200;FD; 1,00 ;UN; 95.997,04 ; 95.997,04 
TUBO COM FLANGES PN10;DN1200x1,00m;FD; 1,00 ;UN; 25.738,60 ; 25.738,60 
JUNTA DE DESMONTAGEM TRAVADA AXIALMENTE PN10;DN1200;FD; 1,00 ;UN; 37.741,43 ; 37.741,43 
ARRUELA DE BORRACHA PARA JUNTA FLANGEADA PN10 - DN900;DN900;EPDM; 4,00 ;UN; 295,27 ; 1.181,08 
ARRUELA DE BORRACHA PARA JUNTA FLANGEADA PN10 - DN1000;DN1000;EPDM; 1,00 ;UN; 523,13 ; 523,13 
ARRUELA DE BORRACHA PARA JUNTA FLANGEADA PN10 - DN1200;DN1200;EPDM; 4,00 ;UN; 603,64 ; 2.414,56 
PARAFUSOS COM PORCAS SEXTAVADAS E ARRUELAS METÁLICAS PN10 - Ø30mmx140mm;Ø30mmx140mm;AÇO; 56,00 ;UN; 66,04 ; 3.698,24 
PARAFUSOS COM PORCAS SEXTAVADAS E ARRUELAS METÁLICAS PN10 - Ø33mmx150mm;Ø33mmx150mm;AÇO; 28,00 ;UN; 103,38 ; 2.894,64 
PARAFUSOS COM PORCAS SEXTAVADAS E ARRUELAS METÁLICAS PN10 - Ø36mmx160mm;Ø36mmx160mm;AÇO; 64,00 ;UN; 97,42 ; 6.234,88 
EXTREMIDADE COM FLANGE PN10 E BOLSA JUNTA TRAVADA EXTERNA JTE;DN1000;FD; 2,00 ;UN; 20.747,58 ; 41.495,16 
VÁLVULA DE GAVETA COM FLANGES E CUNHA DE BORRACHA CORPO CURTO COM VOLANTE PN10;DN200;FD; 1,00 ;UN; 1.424,37 ; 1.424,37 
ARRUELA DE BORRACHA PARA JUNTA FLANGEADA PN10 - DN200;DN200;EPDM; 2,00 ;UN; 36,60 ; 73,20 
ARRUELA DE BORRACHA PARA JUNTA FLANGEADA PN10 - DN1000;DN1000;EPDM; 2,00 ;UN; -   ; -   
PARAFUSOS COM PORCAS SEXTAVADAS E ARRUELAS METÁLICAS PN10 - Ø20mmx90mm;Ø20mmx90mm;AÇO; 16,00 ;UN; 16,84 ; 269,44 
PARAFUSOS COM PORCAS SEXTAVADAS E ARRUELAS METÁLICAS PN10 - Ø33mmx150mm;Ø33mmx150mm;AÇO; 56,00 ;UN; 103,38 ; 5.789,28 
LUVA DE CORRER COM BOLSAS JUNTA MECÂNICA;DN1200;FD; 2,00 ;UN; 31.902,03 ; 63.804,06 
TUBO COM FLANGE PN10 E PONTA;DN1200x1,00m;FD; 2,00 ;UN; 17.295,66 ; 34.591,32 
REDUÇÃO CONCÊNTRICA COM FLANGES PN10;DN1200x1000;FD; 2,00 ;UN; 24.401,77 ; 48.803,54 
TUBO COM FLANGE PN10 E PONTA;DN1000x1,00m;FD; 2,00 ;UN; 17.295,66 ; 34.591,32 
LUVA DE CORRER COM BOLSAS JUNTA MECÂNICA;DN1000;FD; 2,00 ;UN; 24.867,76 ; 49.735,52 
ARRUELA DE BORRACHA PARA JUNTA FLANGEADA PN10 - DN1000;DN1000;EPDM; 2,00 ;UN; 523,13 ; 1.046,26 
ARRUELA DE BORRACHA PARA JUNTA FLANGEADA PN10 - DN1200;DN1200;EPDM; 2,00 ;UN; 603,64 ; 1.207,28 
PARAFUSOS COM PORCAS SEXTAVADAS E ARRUELAS METÁLICAS PN10 - Ø33mmx150mm;Ø33mmx150mm;AÇO; 56,00 ;UN; 103,38 ; 5.789,28 
PARAFUSOS COM PORCAS SEXTAVADAS E ARRUELAS METÁLICAS PN10 - Ø36mmx160mm;Ø36mmx160mm;AÇO; 64,00 ;UN; 97,42 ; 6.234,88 
TUBO COM PONTA E BOLSA JUNTA ELÁSTICA JE2GS K7;DN1000;FD; 2.725,29 ;m; 3.381,18 ; 9.214.696,04 
TUBO COM PONTA E BOLSA JUNTA ELÁSTICA JE2GS K7;DN1000;FD; 60,00 ;m; 5.268,34 ; 316.100,40 
TUBO COM PONTA E BOLSA JUNTA TRAVADA EXTERNA JTE K7;DN1000;FD; 931,67 ;m; -   ; -   
CURVA 11°15' COM BOLSAS JUNTA TRAVADA EXTERNA JTE;DN1000;FD; 15,00 ;UN; 30.584,28 ; 458.764,20 
CURVA 22°30' COM BOLSAS JUNTA TRAVADA EXTERNA JTE;DN1000;FD; 16,00 ;UN; 34.594,62 ; 553.513,92 
CURVA 45° COM BOLSAS JUNTA TRAVADA EXTERNA JTE;DN1000;FD; 20,00 ;UN; 37.152,52 ; 743.050,40 
LUVA COM BOLSAS JUNTA ELÁSTICA JE2GS K7;DN1000;FD; 6,00 ;UN; 30.584,28 ; 183.505,68 
LUVA COM BOLSAS E JUNTA TRAVADA EXTERNA JTE;DN1000;FD; 2,00 ;UN; 29.971,78 ; 59.943,56 
TUBO COM PONTA E BOLSA JUNTA ELÁSTICA JE2GS K7;DN700;FD; 2.551,61 ;m; 2.022,35 ; 5.160.248,48 
TUBO COM PONTA E BOLSA JUNTA ELÁSTICA JE2GS K7;DN700;FD; 50,00 ;m; 3.090,18 ; 154.509,00 
TUBO COM PONTA E BOLSA JUNTA TRAVADA EXTERNA JTE K7;DN700;FD; 732,30 ;m; -   ; -   
CURVA 11°15' COM BOLSAS JUNTA TRAVADA EXTERNA JTE;DN700;FD; 13,00 ;UN; 30.584,28 ; 397.595,64 
CURVA 22°30' COM BOLSAS JUNTA TRAVADA EXTERNA JTE;DN700;FD; 6,00 ;UN; 34.594,62 ; 207.567,72 
CURVA 45° COM BOLSAS JUNTA TRAVADA EXTERNA JTE;DN700;FD; 12,00 ;UN; 37.152,52 ; 445.830,24 
LUVA COM BOLSAS JUNTA ELÁSTICA JE2GS K7;DN700;FD; 3,00 ;UN; 10.597,37 ; 31.792,11 
LUVA COM BOLSAS E JUNTA TRAVADA EXTERNA JTE;DN700;FD; 3,00 ;UN; 29.971,78 ; 89.915,34 
TÊ DE REDUÇÃO COM BOLSAS JUNTA TRAVADA EXTERNA JTE E FLANGE PN10;DN1000x200;FD; 4,00 ;UN; 16.071,94 ; 64.287,76 
VÁLVULA DE GAVETA COM FLANGES E CUNHA DE BORRACHA CORPO CURTO COM VOLANTE PN10;DN200;FD; 4,00 ;UN; 1.424,37 ; 5.697,48 
ARRUELA DE BORRACHA PARA JUNTA FLANGEADA PN10 - DN200;DN200;EPDM; 8,00 ;UN; 36,60 ; 292,80 
PARAFUSOS COM PORCAS SEXTAVADAS E ARRUELAS METÁLICAS PN10 - Ø20mmx90mm;Ø20mmx90mm;AÇO; 64,00 ;UN; 16,84 ; 1.077,76 
TÊ DE REDUÇÃO COM BOLSAS JUNTA TRAVADA EXTERNA JTE E FLANGE PN10;DN1000x200;FD; 4,00 ;UN; 16.071,94 ; 64.287,76 
CURVA 45° COM FLANGES PN10;DN200;FD; 4,00 ;UN; 581,29 ; 2.325,16 
TOCO COM FLANGES PN10;DN200x0,50m;FD; 4,00 ;UN; 730,31 ; 2.921,24 
VÁLVULA DE GAVETA COM FLANGES E CUNHA DE BORRACHA CORPO CURTO COM CABEÇOTE PN10;DN200;FD; 4,00 ;UN; 1.356,14 ; 5.424,56 
TUBO COM FLANGE PN10 E PONTA;DN200x1,00m;FD; 4,00 ;UN; 1.329,48 ; 5.317,92 
TAMPA PARA REGISTRO TD5;100mm;FD; 4,00 ;UN; 31,22 ; 124,88 
ARRUELA DE BORRACHA PARA JUNTA FLANGEADA PN10 - DN200;DN200;EPDM; 16,00 ;UN; 36,60 ; 585,60 
PARAFUSOS COM PORCAS SEXTAVADAS E ARRUELAS METÁLICAS PN10 - Ø20mmx90mm;Ø20mmx90mm;AÇO; 128,00 ;UN; 16,84 ; 2.155,52 
TÊ DE REDUÇÃO COM BOLSAS JUNTA TRAVADA EXTERNA JTE E FLANGE PN10;DN700x200;FD; 2,00 ;UN; 10.514,62 ; 21.029,24 
PLACA DE REDUÇÃO PN10;DN200x100;FD; 2,00 ;UN; 429,50 ; 859,00 
VÁLVULA DE GAVETA COM FLANGES E CUNHA DE BORRACHA CORPO CURTO COM VOLANTE PN10;DN100;FD; 2,00 ;UN; 543,44 ; 1.086,88 
ARRUELA DE BORRACHA PARA JUNTA FLANGEADA PN10 - DN100;DN100;EPDM; 4,00 ;UN; 21,31 ; 85,24 
ARRUELA DE BORRACHA PARA JUNTA FLANGEADA PN10 - DN200;DN200;EPDM; 2,00 ;UN; 36,60 ; 73,20 
PARAFUSOS COM PORCAS SEXTAVADAS E ARRUELAS METÁLICAS PN10 - Ø16mmx80mm;Ø16mmx80mm;AÇO; 32,00 ;UN; 11,21 ; 358,72 
PARAFUSOS COM PORCAS SEXTAVADAS E ARRUELAS METÁLICAS PN10 - Ø20mmx90mm;Ø20mmx90mm;AÇO; 16,00 ;UN; 16,84 ; 269,44 
TÊ DE REDUÇÃO COM BOLSAS JUNTA TRAVADA EXTERNA JTE E FLANGE PN10;DN700x200;FD; 2,00 ;UN; 10.514,62 ; 21.029,24 
CURVA 45° COM FLANGES PN10;DN200;FD; 2,00 ;UN; 581,29 ; 1.162,58 
TOCO COM FLANGES PN10;DN200x0,50m;FD; 2,00 ;UN; 730,31 ; 1.460,62 
VÁLVULA DE GAVETA COM FLANGES E CUNHA DE BORRACHA CORPO CURTO COM CABEÇOTE PN10;DN200;FD; 2,00 ;UN; 1.356,14 ; 2.712,28 
TUBO COM FLANGE PN10 E PONTA;DN200x1,00m;FD; 2,00 ;UN; 1.329,48 ; 2.658,96 
TAMPA PARA REGISTRO TD5;100mm;FD; 2,00 ;UN; 31,22 ; 62,44 
ARRUELA DE BORRACHA PARA JUNTA FLANGEADA PN10 - DN200;DN200;EPDM; 8,00 ;UN; 36,60 ; 292,80 
PARAFUSOS COM PORCAS SEXTAVADAS E ARRUELAS METÁLICAS PN10 - Ø20mmx90mm;Ø20mmx90mm;AÇO; 64,00 ;UN; 16,84 ; 1.077,76 
EXTREMIDADE COM FLANGE PN10 E BOLSA JUNTA TRAVADA EXTERNA JTE;DN1000;FD; 2,00 ;UN; 20.747,58 ; 41.495,16 
VÁLVULA DE GAVETA COM FLANGES E CUNHA DE BORRACHA CORPO CURTO COM VOLANTE PN10;DN200;FD; 1,00 ;UN; 1.424,37 ; 1.424,37 
TÊ DE REDUÇÃO COM FLANGES PN10;DN1000x200;FD; 1,00 ;UN; 19.991,71 ; 19.991,71 
CURVA DE 45° COM FLANGES PN10;DN200;FD; 1,00 ;UN; 581,29 ; 581,29 
VÁLVULA DE GAVETA COM FLANGES E CUNHA DE BORRACHA CORPO CURTO COM CABEÇOTE PN10;DN200;FD; 1,00 ;UN; 1.356,14 ; 1.356,14 
TUBO COM FLANGE E PONTA PN10;DN200x1,00m;FD; 1,00 ;UN; 1.329,48 ; 1.329,48 
TUBO COM PONTA E BOLSA JUNTA ELÁSTICA JE2GS K7;DN200x6,00m;FD; 1,00 ;UN; 422,71 ; 422,71 
TUBO COM PONTA E BOLSA JUNTA ELÁSTICA JE2GS K7;DN200x3,00m;FD; 1,00 ;UN; 2.238,40 ; 2.238,40 
TAMPA PARA REGISTRO TD5;100mm;FD; 1,00 ;UN; 31,22 ; 31,22 
ARRUELA DE BORRACHA PARA JUNTA FLANGEADA PN10 - DN200;DN200;EPDM; 5,00 ;UN; 36,60 ; 183,00 
ARRUELA DE BORRACHA PARA JUNTA FLANGEADA PN10 - DN1000;DN1000;EPDM; 2,00 ;UN; 523,13 ; 1.046,26 
PARAFUSOS COM PORCAS SEXTAVADAS E ARRUELAS METÁLICAS PN10 - Ø20mmx90mm;Ø20mmx90mm;AÇO; 40,00 ;UN; 16,84 ; 673,60 
PARAFUSOS COM PORCAS SEXTAVADAS E ARRUELAS METÁLICAS PN10 - Ø33mmx150mm;Ø33mmx150mm;AÇO; 56,00 ;UN; 103,38 ; 5.789,28 
EXTREMIDADE COM FLANGE PN10 E BOLSA JUNTA TRAVADA EXTERNA JTE;DN1000;FD; 1,00 ;UN; 20.747,58 ; 20.747,58 
VÁLVULA DE GAVETA COM FLANGES E CUNHA DE BORRACHA CORPO CURTO COM VOLANTE PN10;DN200;FD; 1,00 ;UN; 1.424,37 ; 1.424,37 
VÁLVULA DE GAVETA COM FLANGES E CUNHA DE BORRACHA CORPO CURTO COM CABEÇOTE PN10;DN200;FD; 2,00 ;UN; 1.356,14 ; 2.712,28 
JUNTA DE DESMONTAGEM TRAVADA AXIALMENTE PN10;DN200;FD; 2,00 ;UN; 1.485,41 ; 2.970,82 
TUBO COM FLANGE E PONTA PN10;DN200x1,00m;FD; 2,00 ;UN; 1.329,48 ; 2.658,96 
TUBO COM PONTA E BOLSA JUNTA ELÁSTICA JE2GS K7;DN200;FD; 48,00 ;M; 422,71 ; 20.290,08 
ARRUELA DE BORRACHA PARA JUNTA FLANGEADA PN10 - DN200;DN200;EPDM; 8,00 ;UN; 36,60 ; 292,80 
ARRUELA DE BORRACHA PARA JUNTA FLANGEADA PN10 - DN1000;DN1000;EPDM; 1,00 ;UN; 523,13 ; 523,13 
PARAFUSOS COM PORCAS SEXTAVADAS E ARRUELAS METÁLICAS PN10 - Ø20mmx90mm;Ø20mmx90mm;AÇO; 32,00 ;UN; 16,84 ; 538,88 
PARAFUSOS COM PORCAS SEXTAVADAS E ARRUELAS METÁLICAS PN10 - Ø33mmx150mm;Ø33mmx150mm;AÇO; 28,00 ;UN; 103,38 ; 2.894,64 
CURVA 45° COM BOLSAS JUNTA ELÁSTICA JTE;DN700;FD; 4,00 ;UN; 20.167,86 ; 80.671,44 
TUBO COM PONTA E BOLSA JUNTA ELÁSTICA JTE K7;DN700;FD; 42,00 ;M; 3.090,18 ; 129.787,56 
TUBO COM PONTA E BOLSA JUNTA ELÁSTICA JE2GS K7;DN700;FD; 651,00 ;M; 2.022,35 ; 1.316.549,85 
TUBO CILÍNDRICO K7 - DN700x3,50m;DN700x3,50m;FD; 2,00 ;UN; 11.632,82 ; 23.265,64 
TÊ DE REDUÇÃO COM BOLSAS JUNTA ELÁSTICA JE2GS E FLANGE PN10;DN700x200;FD; 1,00 ;UN; 10.514,62 ; 10.514,62 
LUVA DE CORRER COM BOLSAS JUNTA MECÂNICA;DN700;FD; 1,00 ;UN; 14.123,81 ; 14.123,81 
TUBO CILÍNDRICO K7 - DN700x0,70m;DN700x0,70m;FD; 1,00 ;UN; 4.145,52 ; 4.145,52 
VÁLVULA DE GAVETA COM FLANGES E CUNHA DE BORRACHA CORPO CURTO COM VOLANTE PN10;DN200;FD; 1,00 ;UN; 1.424,37 ; 1.424,37 
TUBO CILÍNDRICO K7 COM PONTAS PARA JUNTA TRAVADA EXTERNA JTE - DN700x1,00m;DN700x1,00m;FD; 2,00 ;UN; 4.145,52 ; 8.291,04 
TUBO CILÍNDRICO K7 COM PONTAS PARA JUNTA TRAVADA EXTERNA JTE - DN700x1,60m;DN700x1,60m;FD; 1,00 ;UN; 7.186,31 ; 7.186,31 
TÊ DE REDUÇÃO COM BOLSAS JUNTA TRAVADA EXTERNA JTE E FLANGE PN10;DN700x200;FD; 1,00 ;UN; 10.514,62 ; 10.514,62 
CURVA 45° COM FLANGES PN10;DN200;FD; 2,00 ;UN; 581,29 ; 1.162,58 
TUBO COM FLANGES PN10;DN200x2,00m;FD; 1,00 ;UN; 2.406,75 ; 2.406,75 
VÁLVULA DE GAVETA COM FLANGES E CUNHA DE BORRACHA CORPO CURTO COM CABEÇOTE PN10;DN200;FD; 1,00 ;UN; 1.356,14 ; 1.356,14 
JUNTA DE DESMONTAGEM TRAVADA AXIALMENTE PN10;DN200;FD; 1,00 ;UN; 1.485,41 ; 1.485,41 
TUBO COM FLANGE E PONTA PN10;DN200x1,00m;FD; 1,00 ;UN; 1.329,48 ; 1.329,48 
TUBO COM PONTA E BOLSA JUNTA ELÁSTICA JE2GS K7;DN200;FD; 18,00 ;M; 422,71 ; 7.608,78 
TUBO COM PONTA E BOLSA JUNTA ELÁSTICA JE2GS K7;DN200x3,00m;FD; 1,00 ;UN; 422,71 ; 422,71 
TAMPÃO EM FERRO DÚCTIL D 400 PADRÃO IGUA-RIO - VÃO LIVRE Ø60cm;VÃO LIVRE Ø60cm;FD; 1,00 ;UN; 574,34 ; 574,34 
ARRUELA DE BORRACHA PARA JUNTA FLANGEADA PN10 - DN200;DN200;EPDM; 9,00 ;UN; 258,69 ; 2.328,21 
PARAFUSOS COM PORCAS SEXTAVADAS E ARRUELAS METÁLICAS PN10 - Ø20mmx90mm;Ø20mmx90mm;AÇO; 48,00 ;UN; 16,84 ; 808,32 
LUVA DE CORRER COM BOLSAS JUNTA MECÂNICA;DN700;FD; 3,00 ;UN; 14.123,81 ; 42.371,43 
TUBO COM FLANGE E PONTA PN10;DN700x3,00m;FD; 2,00 ;UN; 10.801,12 ; 21.602,24 
TÊ COM FLANGES PN10;DN700;FD; 1,00 ;UN; -   ; -   
JUNTA DE DESMONTAGEM TRAVADA AXIALMENTE PN10;DN700;FD; 2,00 ;UN; 10.607,02 ; 21.214,04 
TOCO COM FLANGES PN10;DN700x0,50m;FD; 2,00 ;UN; 8.051,07 ; 16.102,14 
VÁLVULA BORBOLETA FLANGEADA PN10 COM ACIONAMENTO MANUAL COM CABEÇOTE;DN700;FD; 2,00 ;UN; 33.994,83 ; 67.989,66 
TUBO COM FLANGE E PONTA PN10;DN700x2,00m;FD; 1,00 ;UN; 8.684,24 ; 8.684,24 
JUNTA DE DESMONTAGEM TRAVADA AXIALMENTE PN10;DN1000;FD; 1,00 ;UN; 27.640,59 ; 27.640,59 
TUBO COM FLANGES PN10;DN1000x1,00m;FD; 1,00 ;UN; 18.822,73 ; 18.822,73 
VÁLVULA BORBOLETA FLANGEADA PN10 COM ACIONAMENTO MANUAL COM CABEÇOTE;DN1000;FD; 1,00 ;UN; 67.340,10 ; 67.340,10 
TAMPA PARA REGISTRO TD5;100mm;FD; 3,00 ;UN; 31,22 ; 93,66 
ARRUELA DE BORRACHA PARA JUNTA FLANGEADA PN10 - DN700;DN700;EPDM; 10,00 ;UN; 258,69 ; 2.586,90 
ARRUELA DE BORRACHA PARA JUNTA FLANGEADA PN10 - DN1000;DN1000;EPDM; 4,00 ;UN; 523,13 ; 2.092,52 
PARAFUSOS COM PORCAS SEXTAVADAS E ARRUELAS METÁLICAS PN10 - Ø27mmx130mm;Ø27mmx130mm;AÇO; 144,00 ;UN; 48,48 ; 6.981,12 
PARAFUSOS COM PORCAS SEXTAVADAS E ARRUELAS METÁLICAS PN10 - Ø33mmx150mm;Ø33mmx150mm;AÇO; 56,00 ;UN; 103,38 ; 5.789,28 
LUVA DE CORRER COM BOLSAS JUNTA MECÂNICA;DN700;FD; 5,00 ;UN; 14.123,81 ; 70.619,05 
TUBO COM FLANGE E PONTA PN10;DN700x1,50m;FD; 5,00 ;UN; 7.545,89 ; 37.729,45 
VÁLVULA BORBOLETA FLANGEADA PN10 COM ACIONAMENTO MANUAL COM CABEÇOTE;DN700;FD; 2,00 ;UN; 33.994,83 ; 67.989,66 
TOCO COM FLANGES PN10;DN700x0,50m;FD; 2,00 ;UN; 8.051,07 ; 16.102,14 
JUNTA DE DESMONTAGEM TRAVADA AXIALMENTE PN10;DN700;FD; 2,00 ;UN; 10.607,02 ; 21.214,04 
TUBO CILÍNDRICO K7 - DN700x6,00m;DN700x6,00m;FD; 1,00 ;UN; 20.269,78 ; 20.269,78 
TUBO COM PONTA E BOLSA JUNTA ELÁSTICA JE2GS K7;DN700x7,00m;FD; 1,00 ;UN; 2.022,35 ; 2.022,35 
TÊ COM FLANGES PN10;DN700;FD; 1,00 ;UN; 20.219,02 ; 20.219,02 
TAMPA PARA REGISTRO TD5;100mm;FD; 2,00 ;UN; 31,22 ; 62,44 
ARRUELA DE BORRACHA PARA JUNTA FLANGEADA PN10 - DN700;DN700;EPDM; 10,00 ;UN; 258,69 ; 2.586,90 
PARAFUSOS COM PORCAS SEXTAVADAS E ARRUELAS METÁLICAS PN10 - Ø27mmx130mm;Ø27mmx130mm;AÇO; 144,00 ;UN; 48,47 ; 6.979,68 
LUVA DE CORRER COM BOLSAS JUNTA MECÂNICA;DN600;FD; 2,00 ;UN; 7.276,10 ; 14.552,20 
TUBO CILÍNDRICO K7 - DN600x1,00m;DN600x1,00m;FD; 2,00 ;UN; 2.813,58 ; 5.627,16 
TÊ COM BOLSAS JUNTA ELÁSTICA JE2GS;DN600;FD; 1,00 ;UN; 9.015,10 ; 9.015,10 
REDUÇÃO COM PONTA E BOLSA JUNTA ELÁSTICA JE2GS;DN600x500;FD; 1,00 ;UN; 4.778,66 ; 4.778,66 
TUBO COM FLANGE E PONTA PN10;DN500x1,80m;FD; 1,00 ;UN; 4.316,10 ; 4.316,10 
VÁLVULA BORBOLETA BI-EXCÊNTRICA COM FLANGES PN10 ACIONAMENTO MANUAL COM VOLANTE;DN500;FD; 1,00 ;UN; 21.645,87 ; 21.645,87 
TUBO COM FLANGES PN10;DN500x0,50m;FD; 1,00 ;UN; 4.219,99 ; 4.219,99 
JUNTA DE DESMONTAGEM TRAVADA AXIALMENTE PN10;DN500;FD; 1,00 ;UN; 6.757,84 ; 6.757,84 
TUBO COM FLANGE E PONTA PN10;DN500x4,00m;FD; 1,00 ;UN; 6.585,85 ; 6.585,85 
LUVA DE CORRER COM BOLSAS JUNTA MECÂNICA;DN500;FD; 3,00 ;UN; 3.877,51 ; 11.632,53 
TUBO CILÍNDRICO K7 - DN500x4,15m;DN500x4,15m;FD; 1,00 ;UN; 7.871,63 ; 7.871,63 
TÊ COM BOLSAS JUNTA ELÁSTICA JE2GS;DN500;FD; 1,00 ;UN; 7.540,84 ; 7.540,84 
TUBO CILÍNDRICO K7 - DN500x1,00m;DN500x1,00m;FD; 2,00 ;UN; 2.202,11 ; 4.404,22 
ARRUELA DE BORRACHA PARA JUNTA FLANGEADA PN10 - DN500;DN500;EPDM; 4,00 ;UN; 135,46 ; 541,84 
PARAFUSOS COM PORCAS SEXTAVADAS E ARRUELAS METÁLICAS PN10 - Ø24mmx110mm;Ø24mmx110mm;AÇO; 40,00 ;UN; 33,04 ; 1.321,60 
LUVA DE CORRER COM BOLSAS JUNTA MECÂNICA;DN600;FD; 2,00 ;UN; 7.276,10 ; 14.552,20 
TUBO CILÍNDRICO K7 - DN600x1,00m;DN600x1,00m;FD; 2,00 ;UN; 2.813,58 ; 5.627,16 
TÊ COM BOLSAS JUNTA ELÁSTICA JE2GS;DN600;FD; 1,00 ;UN; 9.015,10 ; 9.015,10 
TUBO COM FLANGE E PONTA PN10;DN600x1,90m;FD; 1,00 ;UN; 5.276,54 ; 5.276,54 
JUNTA DE DESMONTAGEM TRAVADA AXIALMENTE PN10;DN600;FD; 1,00 ;UN; 8.902,68 ; 8.902,68 
TUBO COM FLANGES PN10;DN600x0,50m;FD; 1,00 ;UN; 4.813,00 ; 4.813,00 
VÁLVULA BORBOLETA BI-EXCÊNTRICA COM FLANGES PN10 ACIONAMENTO MANUAL COM VOLANTE;DN600;FD; 1,00 ;UN; 24.366,48 ; 24.366,48 
TÊ DE REDUÇÃO COM FLANGES PN10;DN600x100;FD; 1,00 ;UN; 11.535,18 ; 11.535,18 
VÁLVULA DE GAVETA COM FLANGES E CUNHA DE BORRACHA CORPO CURTO COM VOLANTE PN10;DN100;FD; 1,00 ;UN; 543,44 ; 543,44 
TUBO COM FLANGE PN10 E PONTA PARA JUNTA TRAVADA EXTERNA JTE;DN600x1,00m;FD; 1,00 ;UN; 3.788,09 ; 3.788,09 
CURVA 45° COM BOLSAS E JUNTA TRAVADA EXTERNA JTE;DN600;FD; 1,00 ;UN; 10.460,69 ; 10.460,69 
TUBO COM FLANGE PN10 E PONTA PARA JUNTA TRAVADA EXTERNA JTE;DN600x2,00m;FD; 1,00 ;UN; 5.276,54 ; 5.276,54 
TÊ COM BOLSAS E JUNTA TRAVADA EXTERNA JTE E FLANGE PN10;DN1000x600;FD; 1,00 ;UN; 299.126,90 ; 299.126,90 
ARRUELA DE BORRACHA PARA JUNTA FLANGEADA PN10 - DN100;DN100;EPDM; 2,00 ;UN; 21,31 ; 42,62 
ARRUELA DE BORRACHA PARA JUNTA FLANGEADA PN10 - DN600;DN600;EPDM; 6,00 ;UN; 128,42 ; 770,52 
PARAFUSOS COM PORCAS SEXTAVADAS E ARRUELAS METÁLICAS PN10 - Ø16mmx80mm;Ø16mmx80mm;AÇO; 16,00 ;UN; 11,21 ; 179,36 
PARAFUSOS COM PORCAS SEXTAVADAS E ARRUELAS METÁLICAS PN10 - Ø27mmx120mm;Ø27mmx120mm;AÇO; 80,00 ;UN; 42,73 ; 3.418,40 
TUBO COM PONTA E BOLSA JUNTA TRAVADA EXTERNA JTE K7;DN800;FD; 31,94 ;M; 2.384,48 ; 76.160,29 
CURVA 45° COM BOLSAS JUNTA TRAVADA EXTERNA JTE;DN800;FD; 1,00 ;UN; 23.431,57 ; 23.431,57 
CURVA 22°30' COM BOLSAS JUNTA TRAVADA EXTERNA JTE;DN800;FD; 4,00 ;UN; 22.193,88 ; 88.775,52 
TUBO COM PONTA E BOLSA JUNTA ELÁSTICA JE2GS K7;DN700;FD; 1.586,27 ;M; 2.022,35 ; 3.207.993,13 
TUBO COM PONTA E BOLSA JUNTA TRAVADA EXTERNA JTE K7;DN700;FD; 65,20 ;M; 2.022,35 ; 131.857,22 
CURVA 11°15' COM BOLSAS JUNTA TRAVADA EXTERNA JTE;DN700;FD; 1,00 ;UN; 16.139,74 ; 16.139,74 
CURVA 45° COM BOLSAS JUNTA TRAVADA EXTERNA JTE;DN700;FD; 2,00 ;UN; 20.167,86 ; 40.335,72 
TÊ DE REDUÇÃO COM BOLSAS JUNTA TRAVADA EXTERNA JTE E FLANGE PN10;DN700x200;FD; 2,00 ;UN; -   ; -   
PLACA DE REDUÇÃO PN10;DN200x100;FD; 2,00 ;UN; 42,50 ; 85,00 
VÁLVULA DE GAVETA COM FLANGES E CUNHA DE BORRACHA CORPO CURTO COM VOLANTE;PN10 DN100;FD; 2,00 ;UN; 543,44 ; 1.086,88 
VENTOSA TRÍPLICE FUNÇÃO PN10;DN100;FD; 2,00 ;UN; 2.350,12 ; 4.700,24 
TAMPÃO EM FERRO DÚCTIL D 400 PADRÃO IGUA-RIO - VÃO LIVRE Ø80cm;VÃO LIVRE Ø80cm;FD; 2,00 ;UN; 2.575,79 ; 5.151,58 
ARRUELA DE BORRACHA PARA JUNTA FLANGEADA PN10 - DN100;DN100;EPDM; 4,00 ;UN; 21,31 ; 85,24 
ARRUELA DE BORRACHA PARA JUNTA FLANGEADA PN10 - DN200;DN200;EPDM; 2,00 ;UN; 36,60 ; 73,20 
PARAFUSOS COM PORCAS SEXTAVADAS E ARRUELAS METÁLICAS PN10 - Ø16mmx80mm;Ø16mmx80mm;AÇO; 32,00 ;UN; 11,21 ; 358,72 
PARAFUSOS COM PORCAS SEXTAVADAS E ARRUELAS METÁLICAS PN10 - Ø20mmx90mm;Ø20mmx90mm;AÇO; 16,00 ;UN; 16,84 ; 269,44 
VÁLVULA DE GAVETA COM FLANGES E CUNHA DE BORRACHA CORPO CURTO COM VOLANTE PN10;DN100;FD; 7,00 ;UN; 543,44 ; 3.804,08 
TAMPÃO EM FERRO DÚCTIL D 400 PADRÃO IGUA-RIO - VÃO LIVRE Ø80cm;VÃO LIVRE Ø80cm;FD; 7,00 ;UN; 2.575,79 ; 18.030,53 
ARRUELA DE BORRACHA PARA JUNTA FLANGEADA PN10 - DN100;DN100;EPDM; 14,00 ;UN; 21,31 ; 298,34 
PARAFUSOS COM PORCAS SEXTAVADAS E ARRUELAS METÁLICAS PN10 - Ø16mmx80mm;Ø16mmx80mm;AÇO; 112,00 ;UN; 11,21 ; 1.255,52 
PARAFUSOS COM PORCAS SEXTAVADAS E ARRUELAS METÁLICAS PN10 - Ø16mmx150mm;Ø16mmx150mm;AÇO; 56,00 ;UN; -   ; -   
TÊ DE REDUÇÃO COM BOLSAS JUNTA ELÁSTICA JE2GS E FLANGE PN10;DN700X200;FD; 2,00 ;UN; 10.514,62 ; 21.029,24 
CURVA 45° COM FLANGES PN10;DN200;FD; 2,00 ;UN; 581,29 ; 1.162,58 
TOCO COM FLANGES PN10;DN200x0,50m;FD; 2,00 ;UN; 730,31 ; 1.460,62 
VÁLVULA DE GAVETA COM FLANGES E CUNHA DE BORRACHA CORPO CURTO COM CABEÇOTE PN10;DN200;FD; 2,00 ;UN; 1.356,14 ; 2.712,28 
TUBO COM FLANGE PN10 E PONTA JE2GS;DN200x1,00m;FD; 2,00 ;UN; 1.329,48 ; 2.658,96 
TAMPA PARA REGISTRO TD5;100mm;FD; 2,00 ;UN; 31,22 ; 62,44 
ARRUELA DE BORRACHA PARA JUNTA FLANGEADA PN10 - DN200;DN200;EPDM; 8,00 ;UN; 36,60 ; 292,80 
PARAFUSOS COM PORCAS SEXTAVADAS E ARRUELAS METÁLICAS PN10 - Ø20mmx90mm;Ø20mmx90mm;AÇO; 64,00 ;UN; 16,84 ; 1.077,76 
VÁLVULA DE GAVETA COM FLANGES E CUNHA DE BORRACHA CORPO CURTO COM CABEÇOTE PN10;DN200;FD; 7,00 ;UN; 1.356,14 ; 9.492,98 
TUBO COM FLANGE PN10 E PONTA JE2GS;DN200x1,00m;FD; 7,00 ;UN; 1.329,48 ; 9.306,36 
TAMPA PARA REGISTRO TD5;100mm;FD; 7,00 ;UN; 31,22 ; 218,54 
ARRUELA DE BORRACHA PARA JUNTA FLANGEADA PN10 - DN200;DN200;EPDM; 14,00 ;UN; 36,60 ; 512,40 
PARAFUSOS COM PORCAS SEXTAVADAS E ARRUELAS METÁLICAS PN10 - Ø20mmx180mm;Ø20mmx180mm;AÇO; 112,00 ;UN; -   ; -   
TÊ DE REDUÇÃO COM BOLSAS JUNTA TRAVADA EXTERNA JTE E FLANGE PN10;DN700x200;FD; 1,00 ;UN; -   ; -   
PLACA DE REDUÇÃO PN10;DN200x100;FD; 1,00 ;UN; 492,50 ; 492,50 
VÁLVULA DE GAVETA COM FLANGES E CUNHA DE BORRACHA CORPO CURTO COM CABEÇOTE PN10;DN100;FD; 1,00 ;UN; 504,94 ; 504,94 
TUBO CILÍNDRICO K7 COM PONTAS PARA JUNTA TRAVADA EXTERNA JTE - DN700x1,50m;DN700x1,50m;FD; 1,00 ;UN; 7.613,65 ; 7.613,65 
CURVA 45° COM BOLSAS JUNTA TRAVADA EXTERNA JTE;DN700;FD; 6,00 ;UN; 20.167,86 ; 121.007,16 
TUBO CILÍNDRICO K7 - DN700x0,50m;DN700x0,50m;FD; 2,00 ;UN; 2.509,67 ; 5.019,34 
TUBO CILÍNDRICO K7 COM PONTAS PARA JUNTA TRAVADA EXTERNA JTE - DN700x0,85m;DN700x0,85m;FD; 2,00 ;UN; 6.207,37 ; 12.414,74 
TUBO CILÍNDRICO K7 COM PONTAS PARA JUNTA TRAVADA EXTERNA JTE - DN700x6,30m;DN700x6,30m;FD; 1,00 ;UN; 22.590,28 ; 22.590,28 
ARRUELA DE BORRACHA PARA JUNTA FLANGEADA PN10 - DN100;DN100;EPDM; 2,00 ;UN; 21,31 ; 42,62 
ARRUELA DE BORRACHA PARA JUNTA FLANGEADA PN10 - DN200;DN200;EPDM; 1,00 ;UN; 36,60 ; 36,60 
PARAFUSOS COM PORCAS SEXTAVADAS E ARRUELAS METÁLICAS PN10 - Ø16mmx80mm;Ø16mmx80mm;AÇO; 16,00 ;UN; 11,21 ; 179,36 
PARAFUSOS COM PORCAS SEXTAVADAS E ARRUELAS METÁLICAS PN10 - Ø20mmx90mm;Ø20mmx90mm;AÇO; 8,00 ;UN; 16,84 ; 134,72 
LUVA DE CORRER COM BOLSAS JUNTA MECÂNICA;DN800;FD; 1,00 ;UN; 12.353,96 ; 12.353,96 
TUBO CILÍNDRICO PARA JUNTA TRAVADA EXTERNA JTE - DN800x1,00m;DN800x1,00m;FD; 1,00 ;UN; 5.199,25 ; 5.199,25 
CURVA 45° COM BOLSAS JUNTA TRAVADA EXTERNA JTE;DN800;FD; 1,00 ;UN; 23.431,57 ; 23.431,57 
LUVA DE CORRER COM BOLSAS JUNTA MECÂNICA;DN800;FD; 1,00 ;UN; 12.353,96 ; 12.353,96 
EXTREMIDADE COM FLANGE E PONTA PN10;DN800;FD; 1,00 ;UN; 8.860,79 ; 8.860,79 
TÊ DE REDUÇÃO COM FLANGES PN10;DN800x600;FD; 1,00 ;UN; 22.547,20 ; 22.547,20 
REDUÇÃO CONCÊNTRICA COM FLANGES PN10;DN800x700;FD; 1,00 ;UN; 10.598,28 ; 10.598,28 
EXTREMIDADE COM FLANGE E PONTA PN10;DN700;FD; 1,00 ;UN; 8.305,67 ; 8.305,67 
LUVA DE CORRER COM BOLSAS JUNTA MECÂNICA;DN700;FD; 1,00 ;UN; 14.123,81 ; 14.123,81 
TUBO COM FLANGES PN10;DN600x0,90m;FD; 1,00 ;UN; 5.474,35 ; 5.474,35 
JUNTA DE DESMONTAGEM TRAVADA AXIALMENTE PN10;DN600;FD; 1,00 ;UN; 8.902,68 ; 8.902,68 
VÁLVULA BORBOLETA BI EXCENTRICA COM FLANGES PN10 COM ACIONAMENTO MANUAL COM VOLANTE;DN600;FD; 1,00 ;UN; 23.759,56 ; 23.759,56 
TUBO COM FLANGE PN10 E PONTA PARA JUNTA TRAVADA EXTERNA JTE;DN600x0,90m;FD; 1,00 ;UN; 3.788,09 ; 3.788,09 
TÊ COM BOLSAS JUNTA TRAVADA EXTERNA JTE;DN600;FD; 1,00 ;UN; 14.843,27 ; 14.843,27 
TUBO COM PONTA PARA JE2GS E PONTA PARA JUNTA TRAVADA EXTERNA JTE;DN600x0,50m;FD; 2,00 ;UN; 3.574,53 ; 7.149,06 
LUVA DE CORRER COM BOLSAS JUNTA MECÂNICA;DN600;FD; 2,00 ;UN; 7.276,10 ; 14.552,20 
ARRUELA DE BORRACHA PARA JUNTA FLANGEADA PN10 - DN600;DN600;EPDM; 4,00 ;UN; 128,42 ; 513,68 
ARRUELA DE BORRACHA PARA JUNTA FLANGEADA PN10 - DN700;DN700;EPDM; 1,00 ;UN; 258,69 ; 258,69 
ARRUELA DE BORRACHA PARA JUNTA FLANGEADA PN10 - DN800;DN800;EPDM; 2,00 ;UN; 266,75 ; 533,50 
PARAFUSOS COM PORCAS SEXTAVADAS E ARRUELAS METÁLICAS PN10 - Ø27mmx120mm;Ø27mmx120mm;AÇO; 40,00 ;UN; 42,73 ; 1.709,20 
PARAFUSOS COM PORCAS SEXTAVADAS E ARRUELAS METÁLICAS PN10 - Ø27mmx130mm;Ø27mmx130mm;AÇO; 24,00 ;UN; 48,47 ; 1.163,28 
PARAFUSOS COM PORCAS SEXTAVADAS E ARRUELAS METÁLICAS PN10 - Ø30mmx140mm;Ø30mmx140mm;AÇO; 48,00 ;UN; 66,04 ; 3.169,92 
REDUÇÃO COM BOLSAS JUNTA ELÁSTICA JE2GS;DN700x600;FD; 1,00 ;UN; 7.973,79 ; 7.973,79 
TUBO CILÍNDRICO K7 - DN600x1,00m;DN600x1,00m;FD; 1,00 ;UN; 2.813,58 ; 2.813,58 
TÊ COM BOLSAS JUNTA ELÁSTICA JE2GS;DN600;FD; 1,00 ;UN; 9.015,10 ; 9.015,10 
TUBO CILÍNDRICO K7 - DN600x5,80m;DN600x5,80m;FD; 2,00 ;UN; 12.495,39 ; 24.990,78 
LUVA DE CORRER COM BOLSAS JUNTA MECÂNICA;DN600;FD; 2,00 ;UN; 7.276,10 ; 14.552,20 
TUBO COM FLANGE E PONTA PN10;DN600x1,00m;FD; 2,00 ;UN; 3.788,09 ; 7.576,18 
JUNTA DE DESMONTAGEM TRAVADA AXIALMENTE PN10;DN600;FD; 2,00 ;UN; 8.902,68 ; 17.805,36 
TOCO COM FLANGES PN10;DN600x0,50m;FD; 4,00 ;UN; 730,31 ; 2.921,24 
VÁLVULA BORBOLETA BI-EXCÊNTRICA COM FLANGES PN10 ACIONAMENTO MANUAL COM VOLANTE;DN600;FD; 2,00 ;UN; 23.759,56 ; 47.519,12 
ARRUELA DE BORRACHA PARA JUNTA FLANGEADA PN10 - DN600;DN600;EPDM; 10,00 ;UN; 128,42 ; 1.284,20 
PARAFUSOS COM PORCAS SEXTAVADAS E ARRUELAS METÁLICAS PN10 - Ø27mmx120mm;Ø27mmx120mm;AÇO; 80,00 ;UN; 42,73 ; 3.418,40 
PARAFUSOS COM PORCAS SEXTAVADAS E ARRUELAS METÁLICAS PN10 - Ø27mmx360mm;Ø27mmx360mm;AÇO; 40,00 ;UN; -   ; -   
REDUÇÃO CONCÊNTRICA COM FLANGES PN10;DN600x400;FD; 2,00 ;UN; 7.772,81 ; 15.545,62 
CURVA 90° COM FLANGES PN10;DN400;FD; 1,00 ;UN; 5.519,80 ; 5.519,80 
TOCO COM FLANGES PN10;DN400x0,50m;FD; 1,00 ;UN; 2.621,36 ; 2.621,36 
TÊ COM BOLSAS JUNTA ELÁSTICA JE2GS E FLANGE PN10;DN400;FD; 1,00 ;UN; 5.613,15 ; 5.613,15 
LUVA DE CORRER COM BOLSAS JUNTA MECÂNICA;DN400;FD; 2,00 ;UN; 2.807,60 ; 5.615,20 
TÊ COM BOLSAS JUNTA ELÁSTICA JE2GS;DN400;FD; 1,00 ;UN; 3.365,50 ; 3.365,50 
CURVA 45° COM BOLSAS JUNTA ELÁSTICA JE2GS;DN400;FD; 1,00 ;UN; 2.032,21 ; 2.032,21 
TUBO COM FLANGE E PONTA PN10;DN400x4,50m;FD; 1,00 ;UN; 5.516,70 ; 5.516,70 
JUNTA DE DESMONTAGEM TRAVADA AXIALMENTE PN10;DN600;FD; 1,00 ;UN; 8.902,68 ; 8.902,68 
TOCO COM FLANGES PN10;DN600x0,50m;FD; 1,00 ;UN; 6.443,09 ; 6.443,09 
VÁLVULA BORBOLETA BI-EXCENTRICA COM FLANGES PN10 ACIONAMENTO MANUAL COM CABEÇOTE;DN600;FD; 1,00 ;UN; 27.780,40 ; 27.780,40 
TUBO COM FLANGE E PONTA PN10;DN600x1,00m;FD; 1,00 ;UN; 3.788,09 ; 3.788,09 
LUVA DE CORRER COM BOLSAS JUNTA MECÂNICA;DN600;FD; 1,00 ;UN; 7.276,10 ; 7.276,10 
TAMPA PARA REGISTRO TD5;100mm;FD; 3,00 ;UN; 31,22 ; 93,66 
ARRUELA DE BORRACHA PARA JUNTA FLANGEADA PN10 - DN400;DN400;EPDM; 4,00 ;UN; 131,77 ; 527,08 
ARRUELA DE BORRACHA PARA JUNTA FLANGEADA PN10 - DN600;DN600;EPDM; 5,00 ;UN; 128,42 ; 642,10 
PARAFUSOS COM PORCAS SEXTAVADAS E ARRUELAS METÁLICAS PN10 - Ø24mmx110mm;Ø24mmx110mm;AÇO; 64,00 ;UN; 33,04 ; 2.114,56 
PARAFUSOS COM PORCAS SEXTAVADAS E ARRUELAS METÁLICAS PN10 - Ø27mmx120mm;Ø27mmx120mm;AÇO; 40,00 ;UN; 42,73 ; 1.709,20 
PARAFUSOS COM PORCAS SEXTAVADAS E ARRUELAS METÁLICAS PN10 - Ø27mmx360mm;Ø27mmx360mm;AÇO; 20,00 ;UN; -   ; -   
REDUÇÃO COM BOLSAS JUNTA ELÁSTICA JE2GS;DN600x400;FD; 1,00 ;UN; 5.061,86 ; 5.061,86 
TUBO CILÍNDRICO K7 - DN400x1,00m;DN400x1,00m;FD; 1,00 ;UN; 1.780,05 ; 1.780,05 
CURVA 11°15' COM BOLSAS JUNTA TRAVADA INTERNA JTI;DN400;FD; 1,00 ;UN; 3.385,52 ; 3.385,52 
TUBO COM FLANGE E PONTA PN10;DN400x1,00m;FD; 2,00 ;UN; 2.482,28 ; 4.964,56 
VÁLVULA DE GAVETA COM FLANGES E CUNHA DE BORRACHA CORPO CURTO COM CABEÇOTE PN10;DN400;FD; 3,00 ;UN; 10.172,35 ; 30.517,05 
JUNTA DE DESMONTAGEM TRAVADA AXIALMENTE PN10;DN400;FD; 2,00 ;UN; 3.952,35 ; 7.904,70 
TÊ COM FLANGES PN10;DN400;FD; 1,00 ;UN; 7.347,03 ; 7.347,03 
TUBO COM FLANGE E PONTA PN10;DN400x1,30m;FD; 1,00 ;UN; 2.725,69 ; 2.725,69 
LUVA DE CORRER COM BOLSAS JUNTA MECÂNICA;DN400;FD; 2,00 ;UN; 2.807,60 ; 5.615,20 
ARRUELA DE BORRACHA PARA JUNTA FLANGEADA PN10 - DN400;DN400;EPDM; 8,00 ;UN; 131,77 ; 1.054,16 
PARAFUSOS COM PORCAS SEXTAVADAS E ARRUELAS METÁLICAS PN10 - Ø24mmx110mm;Ø24mmx110mm;AÇO; 64,00 ;UN; 33,04 ; 2.114,56 
REDUÇÃO CONCÊNTRICA COM FLANGES PN10;DN600x400;FD; 1,00 ;UN; 7.772,81 ; 7.772,81 
JUNTA DE DESMONTAGEM TRAVADA AXIALMENTE PN10;DN400;FD; 1,00 ;UN; 3.952,35 ; 3.952,35 
VÁLVULA DE GAVETA COM FLANGES E CUNHA DE BORRACHA CORPO CURTO COM CABEÇOTE PN10;DN400;FD; 1,00 ;UN; 10.172,35 ; 10.172,35 
TÊ COM FLANGES PN10;DN400;FD; 1,00 ;UN; 7.347,03 ; 7.347,03 
TUBO COM FLANGE E PONTA PN10;DN400x1,00m;FD; 2,00 ;UN; 2.482,28 ; 4.964,56 
LUVA DE CORRER COM BOLSAS JUNTA MECÂNICA;DN400;FD; 2,00 ;UN; 2.807,60 ; 5.615,20 
ARRUELA DE BORRACHA PARA JUNTA FLANGEADA PN10 - DN400;DN400;EPDM; 5,00 ;UN; 131,77 ; 658,85 
ARRUELA DE BORRACHA PARA JUNTA FLANGEADA PN10 - DN600;DN600;EPDM; 1,00 ;UN; 128,42 ; 128,42 
PARAFUSOS COM PORCAS SEXTAVADAS E ARRUELAS METÁLICAS PN10 - Ø24mmx110mm;Ø24mmx110mm;AÇO; 48,00 ;UN; 33,04 ; 1.585,92 
PARAFUSOS COM PORCAS SEXTAVADAS E ARRUELAS METÁLICAS PN10 - Ø27mmx360mm;Ø27mmx360mm;AÇO; 20,00 ;UN; -   ; -   
TUBO COM PONTA E BOLSA JUNTA ELÁSTICA JE2GS K7;DN700;FD; 123,00 ;M; 2.022,35 ; 248.749,05 
TUBO COM PONTA E BOLSA JUNTA TRAVADA EXTERNA JTE K7;DN700;FD; 66,00 ;M; 3.175,72 ; 209.597,52 
CURVA 11°15' COM BOLSAS JUNTA TRAVADA EXTERNA JTE;DN700;FD; 2,00 ;UN; 16.139,74 ; 32.279,48 
CURVA 22°30' COM BOLSAS JUNTA TRAVADA EXTERNA JTE;DN700;FD; 2,00 ;UN; 18.071,47 ; 36.142,94 
CURVA 45° COM BOLSAS JUNTA TRAVADA EXTERNA JTE;DN700;FD; 2,00 ;UN; 20.167,86 ; 40.335,72 
LUVA COM BOLSAS JUNTA ELÁSTICA JE2GS K7;DN700;FD; 2,00 ;UN; 6.516,35 ; 13.032,70 
TUBO COM PONTA E BOLSA JUNTA ELÁSTICA JE2GS K7;DN700;FD; 256,00 ;M; 2.022,35 ; 517.721,60 
TUBO COM PONTA E BOLSA JUNTA TRAVADA EXTERNA JTE K7;DN700;FD; 201,00 ;M; 3.175,22 ; 638.219,22 
CURVA 11°15' COM BOLSAS JUNTA TRAVADA EXTERNA JTE;DN700;FD; 7,00 ;UN; 16.139,74 ; 112.978,18 
CURVA 22°30' COM BOLSAS JUNTA TRAVADA EXTERNA JTE;DN700;FD; 7,00 ;UN; 18.071,47 ; 126.500,29 
CURVA 45° COM BOLSAS JUNTA TRAVADA EXTERNA JTE;DN700;FD; 3,00 ;UN; 20.167,86 ; 60.503,58 
LUVA COM BOLSAS JUNTA ELÁSTICA JE2GS K7;DN700;FD; 1,00 ;UN; 6.516,35 ; 6.516,35 
TUBO COM PONTA E BOLSA MPVC JEI 1MPA DEFOFO;DN300;DEFOFO; 139,00 ;M; -   ; -   
TUBO COM PONTA E BOLSA JUNTA TRAVADA INTERNA JTI K7;DN300;FD; 40,00 ;M; 764,56 ; 30.582,40 
CURVA 11°15' COM BOLSAS JUNTA TRAVADA INTERNA JTI;DN300;FD; 1,00 ;UN; 2.846,16 ; 2.846,16 
CURVA 45° COM BOLSAS JUNTA TRAVADA INTERNA JTI;DN300;FD; 2,00 ;UN; 3.078,80 ; 6.157,60 
CURVA 90° COM BOLSAS JUNTA TRAVADA INTERNA JTI;DN300;FD; 1,00 ;UN; 3.455,70 ; 3.455,70 
TUBO CILÍNDRICO K7 COM PONTA PARA JUNTA TRAVADA EXTERNA JTE E PONTA PARA JUNTA ELÁSTICA JGS - DN500x0,50m;DN500x0,50m;FD; 1,00 ;UN; 2.946,38 ; 2.946,38 
TUBO CILÍNDRICO K7 COM PONTAS PARA JUNTA TRAVADA EXTERNA JTE - DN500x0,50m;DN500x0,50m;FD; 1,00 ;UN; 2.946,38 ; 2.946,38 
TÊ COM BOLSAS JUNTA TRAVADA EXTERNA JTE;DN500;FD; 1,00 ;UN; 12.298,40 ; 12.298,40 
CURVA 90° COM BOLSAS JUNTA TRAVADA EXTERNA JTE;DN500;FD; 1,00 ;UN; 10.025,45 ; 10.025,45 
TUBO CILÍNDRICO K7 COM PONTAS PARA JUNTA TRAVADA EXTERNA JTE - DN600x5,80m;DN600x5,80m;FD; 1,00 ;UN; 14.406,96 ; 14.406,96 
REDUÇÃO COM BOLSAS JUNTA TRAVADA EXTERNA JTE;DN600x500;FD; 1,00 ;UN; 8.801,18 ; 8.801,18 
TUBO CILÍNDRICO K7 COM PONTAS PARA JUNTA TRAVADA EXTERNA JTE - DN600x0,50m;DN600x0,50m;FD; 3,00 ;UN; 3.574,53 ; 10.723,59 
TÊ COM BOLSAS JUNTA TRAVADA EXTERNA JTE;DN600;FD; 2,00 ;UN; 14.843,27 ; 29.686,54 
TUBO COM FLANGE PN10 E PONTA PARA JUNTA TRAVADA EXTERNA JTE;DN600x1,20m;FD; 1,00 ;UN; 4.478,08 ; 4.478,08 
VÁLVULA DE GAVETA COM FLANGES E CUNHA DE BORRACHA CORPO CURTO COM CABEÇOTE PN10;DN600;FD; 3,00 ;UN; 22.688,00 ; 68.064,00 
TUBO COM FLANGES PN10;DN600x5,00m;FD; 1,00 ;UN; 12.114,47 ; 12.114,47 
JUNTA DE DESMONTAGEM TRAVADA AXIALMENTE PN10;DN600;FD; 2,00 ;UN; 8.902,68 ; 17.805,36 
TUBO COM FLANGES PN10;DN600x1,20m;FD; 1,00 ;UN; 5.887,39 ; 5.887,39 
REDUÇÃO CONCÊNTRICA COM FLANGES PN10;DN700x600;FD; 1,00 ;UN; 9.867,89 ; 9.867,89 
TUBO COM FLANGE PN10 E PONTA PARA JUNTA ELÁSTICA JE2GS;DN700x0,70m;FD; 1,00 ;UN; 6.568,38 ; 6.568,38 
TUBO COM FLANGE PN10 E PONTA PARA JUNTA TRAVADA EXTERNA JTE;DN500x3,10m;FD; 1,00 ;UN; 5.977,03 ; 5.977,03 
JUNTA DE DESMONTAGEM TRAVADA AXIALMENTE PN10;DN500;FD; 1,00 ;UN; 6.757,84 ; 6.757,84 
VÁLVULA DE GAVETA COM FLANGES E CUNHA DE BORRACHA CORPO CURTO COM CABEÇOTE PN10;DN500;FD; 1,00 ;UN; 15.848,71 ; 15.848,71 
EXTREMIDADE COM FLANGE E PONTA COM ABA DE VEDAÇÃO PN10;DN500;FD; 1,00 ;UN; 6.326,85 ; 6.326,85 
TUBO COM FLANGE PN10 E PONTA PARA JUNTA TRAVADA EXTERNA JTE;DN600x1,50m;FD; 1,00 ;UN; 4.478,08 ; 4.478,08 
EXTREMIDADE COM FLANGE E PONTA COM ABA DE VEDAÇÃO PN10;DN600;FD; 1,00 ;UN; 7.718,75 ; 7.718,75 
LUVA DE CORRER COM BOLSAS JUNTA MECÂNICA;DN600;FD; 2,00 ;UN; 7.276,10 ; 14.552,20 
TUBO CILÍNDRICO K7 COM PONTAS PARA JUNTA TRAVADA EXTERNA JTE - DN600x5,75m;DN600x5,75m;FD; 1,00 ;UN; 14.406,96 ; 14.406,96 
CURVA 90° COM BOLSAS JUNTA TRAVADA EXTERNA JTE;DN600;FD; 1,00 ;UN; 13.301,78 ; 13.301,78 
TAMPA PARA REGISTRO TD5;100mm;FD; 2,00 ;UN; 31,22 ; 62,44 
TAMPÃO EM FERRO DÚCTIL D 400 PADRÃO IGUA-RIO - VÃO LIVRE Ø60cm;VÃO LIVRE Ø60cm;FD; 2,00 ;UN; -   ; -   
LUVA DE CORRER COM BOLSAS JUNTA MECÂNICA;DN700;FD; 1,00 ;UN; 14.123,81 ; 14.123,81 
ARRUELA DE BORRACHA PARA JUNTA FLANGEADA PN10 - DN500;DN500;EPDM; 3,00 ;UN; 135,46 ; 406,38 
ARRUELA DE BORRACHA PARA JUNTA FLANGEADA PN10 - DN600;DN600;EPDM; 10,00 ;UN; 128,42 ; 1.284,20 
ARRUELA DE BORRACHA PARA JUNTA FLANGEADA PN10 - DN700;DN700;EPDM; 1,00 ;UN; 258,69 ; 258,69 
PARAFUSOS COM PORCAS SEXTAVADAS E ARRUELAS METÁLICAS PN10 - Ø24mmx110mm;Ø24mmx110mm;AÇO; 20,00 ;UN; 33,04 ; 660,80 
PARAFUSOS COM PORCAS SEXTAVADAS E ARRUELAS METÁLICAS PN10 - Ø27mmx120mm;Ø27mmx120mm;AÇO; 120,00 ;UN; 42,73 ; 5.127,60 
PARAFUSOS COM PORCAS SEXTAVADAS E ARRUELAS METÁLICAS PN10 - Ø27mmx130mm;Ø27mmx130mm;AÇO; 24,00 ;UN; 48,47 ; 1.163,28 
TÊ COM BOLSAS JUNTA TRAVADA EXTERNA JTE E FLANGE PN10;DN700x600;FD; 1,00 ;UN; -   ; -   
REDUÇÃO CONCÊNTRICA COM FLANGES PN10;DN600x400;FD; 1,00 ;UN; 7.772,81 ; 7.772,81 
REDUÇÃO CONCÊNTRICA COM FLANGES PN10;DN400x300;FD; 1,00 ;UN; 2.341,72 ; 2.341,72 
CURVA 11°15' COM FLANGES PN10;DN300;FD; 1,00 ;UN; 1.020,37 ; 1.020,37 
TUBO COM FLANGE PN10 E PONTA PARA JUNTA ELÁSTICA JE2GS;DN300x1,50m;FD; 1,00 ;UN; 2.168,01 ; 2.168,01 
VÁLVULA DE GAVETA COM BOLSAS JE2GS E CUNHA DE BORRACHA CORPO CURTO COM CABEÇOTE;DN300;FD; 1,00 ;UN; 2.809,27 ; 2.809,27 
TAMPA PARA REGISTRO TD5;100mm;FD; 1,00 ;UN; 31,22 ; 31,22 
ARRUELA DE BORRACHA PARA JUNTA FLANGEADA PN10 - DN300;DN300;EPDM; 2,00 ;UN; -   ; -   
ARRUELA DE BORRACHA PARA JUNTA FLANGEADA PN10 - DN400;DN400;EPDM; 1,00 ;UN; -   ; -   
ARRUELA DE BORRACHA PARA JUNTA FLANGEADA PN10 - DN600;DN600;EPDM; 1,00 ;UN; -   ; -   
PARAFUSOS COM PORCAS SEXTAVADAS E ARRUELAS METÁLICAS PN10 - Ø20mmx100mm;Ø20mmx100mm;AÇO; 24,00 ;UN; -   ; -   
PARAFUSOS COM PORCAS SEXTAVADAS E ARRUELAS METÁLICAS PN10 - Ø24mmx110mm;Ø24mmx110mm;AÇO; 16,00 ;UN; -   ; -   
PARAFUSOS COM PORCAS SEXTAVADAS E ARRUELAS METÁLICAS PN10 - Ø27mmx120mm;Ø27mmx120mm;AÇO; 20,00 ;UN; -   ; -   
TÊ COM BOLSAS JUNTA TRAVADA EXTERNA JTE E FLANGE PN10;DN700x1,00;FD; 2,00 ;UN; -   ; -   
TUBO CILÍNDRICO K7 COM UMA PONTA PARA JUNTA TRAVADA EXTERNA JTE - DN700x1,00m;DN700x1,00m;FD; 2,00 ;UN; 6.207,37 ; 12.414,74 
LUVA DE CORRER COM BOLSAS JUNTA MECÂNICA;DN700;FD; 2,00 ;UN; 14.123,81 ; 28.247,62 
TUBO COM FLANGE PN10 E PONTA PARA JUNTA TRAVADA EXTERNA JTE E ABA DE VEDAÇÃO À 65cm DA FLANGE;DN700x1,30m;FD; 1,00 ;UN; 11.231,65 ; 11.231,65 
TUBO COM FLANGE PN10 E PONTA PARA JUNTA TRAVADA EXTERNA JTE E ABA DE VEDAÇÃO À 45cm DA FLANGE;DN700x1,30m;FD; 1,00 ;UN; 11.231,65 ; 11.231,65 
JUNTA DE DESMONTAGEM TRAVADA AXIALMENTE PN10;DN700;FD; 1,00 ;UN; 10.607,02 ; 10.607,02 
VÁLVULA BORBOLETA BI-EXCENTRICA COM FLANGES PN10 ACIONAMENTO ATRAVÉS DE ATUADOR ELÉTRICO;DN700;FD; 1,00 ;UN; 68.392,61 ; 68.392,61 
TUBO CILÍNDRICO K7 COM PONTAS PARA JUNTA TRAVADA EXTERNA JTE - DN700x1,80m;DN700x1,80m;FD; 1,00 ;UN; 9.248,17 ; 9.248,17 
TUBO CILÍNDRICO K7 COM PONTAS PARA JUNTA TRAVADA EXTERNA JTE - DN700x1,35m;DN700x1,35m;FD; 1,00 ;UN; 7.613,65 ; 7.613,65 
TUBO COM FLANGE PN10 E PONTA PARA JUNTA TRAVADA EXTERNA JTE;DN700x0,50m;FD; 1,00 ;UN; 5.430,48 ; 5.430,48 
CURVA 22°30' COM BOLSAS JUNTA TRAVADA EXTERNA JTE;DN700;FD; 2,00 ;UN; 18.071,47 ; 36.142,94 
ARRUELA DE BORRACHA PARA JUNTA FLANGEADA PN10 - DN700;DN700;EPDM; 5,00 ;UN; 258,69 ; 1.293,45 
PARAFUSOS COM PORCAS SEXTAVADAS E ARRUELAS METÁLICAS PN10 - Ø27mmx130mm;Ø27mmx130mm;AÇO; 72,00 ;UN; 48,47 ; 3.489,84 
REDUÇÃO COM PONTA E BOLSA JUNTA ELÁSTICA JE2GS;DN300x250;FD; 1,00 ;UN; 636,71 ; 636,71 
TUBO COM PONTA E BOLSA MPVC JEI 1MPA DEFOFO;DN250;FD; 3,00 ;M; -   ; -   
TÊ COM BOLSAS JUNTA ELÁSTICA JE2GS;DN250;FD; 3,00 ;UN; 1.213,00 ; 3.639,00 
LUVA DE CORRER COM BOLSAS JUNTA MECÂNICA;DN250;FD; 4,00 ;UN; 1.231,25 ; 4.925,00 
LUVA DE CORRER COM BOLSAS JUNTA MECÂNICA;DN700x0,90m;FD; 1,00 ;UN; -   ; -   
TUBO COM PONTA JE2GS E FLANGE PN10;DN700x0,90m;FD; 1,00 ;UN; 6.568,38 ; 6.568,38 
VÁLVULA BORBOLETA BI EXCENTRICA COM FLANGES PN10 COM ACIONAMENTO MANUAL COM VOLANTE;DN700;FD; 1,00 ;UN; 33.199,39 ; 33.199,39 
TUBO COM FLANGES PN10;DN700x0,50m;FD; 2,00 ;UN; 9.104,22 ; 18.208,44 
JUNTA DE DESMONTAGEM TRAVADA AXIALMENTE PN10;DN700;FD; 2,00 ;UN; 10.607,02 ; 21.214,04 
TUBO COM FLANGES PN10;DN700x3,50m;FD; 1,00 ;UN; 15.453,78 ; 15.453,78 
TUBO COM FLANGES PN10;DN700x6,05m;FD; 1,00 ;UN; 21.471,63 ; 21.471,63 
CURVA 90° COM FLANGES PN10;DN700;FD; 3,00 ;UN; 17.126,39 ; 51.379,17 
TUBO COM FLANGES PN10;DN700x0,70m;FD; 1,00 ;UN; 10.243,53 ; 10.243,53 
TUBO COM FLANGES PN10;DN700x2,50m;FD; 1,00 ;UN; 13.336,91 ; 13.336,91 
EXTREMIDADE COM FLANGE E PONTA COM ABA DE VEDAÇÃO PN10;DN700;FD; 1,00 ;UN; 8.745,05 ; 8.745,05 
ARRUELA DE BORRACHA PARA JUNTA FLANGEADA PN10 - DN700;DN700;EPDM; 14,00 ;UN; 258,69 ; 3.621,66 
PARAFUSOS COM PORCAS SEXTAVADAS E ARRUELAS METÁLICAS PN10 - Ø27mmx130mm;Ø27mmx130mm;AÇO; 240,00 ;UN; 48,47 ; 11.632,80 
CURVA 45° COM BOLSAS JUNTA ELÁSTICA JE2GS K7;DN400;FD; 4,00 ;UN; 2.032,21 ; 8.128,84 
VÁLVULA DE GAVETA COM FLANGES E CUNHA DE BORRACHA CORPO CURTO COM CABEÇOTE PN10;DN200;FD; 1,00 ;UN; 1.356,14 ; 1.356,14 
JUNTA DE DESMONTAGEM TRAVADA AXIALMENTE PN10;DN200;FD; 1,00 ;UN; 1.485,41 ; 1.485,41 
TUBO COM FLANGE E PONTA PN10;DN200x1,00m;FD; 1,00 ;UN; 1.329,48 ; 1.329,48 
LUVA DE CORRER COM BOLSAS JUNTA MECÂNICA;DN200;FD; 3,00 ;UN; 876,95 ; 2.630,85 
TÊ COM BOLSAS JUNTA ELÁSTICA JE2GS;DN200;FD; 1,00 ;UN; 621,49 ; 621,49 
TAMPA PARA REGISTRO TD5;100mm;FD; 1,00 ;UN; 31,22 ; 31,22 
ARRUELA DE BORRACHA PARA JUNTA FLANGEADA PN10 - DN200;DN200;EPDM; 3,00 ;UN; 36,60 ; 109,80 
PARAFUSOS COM PORCAS SEXTAVADAS E ARRUELAS METÁLICAS PN10 - Ø20mmx90mm;Ø20mmx90mm;AÇO; 8,00 ;UN; 16,84 ; 134,72 
VÁLVULA DE GAVETA COM FLANGES E CUNHA DE BORRACHA CORPO CURTO COM CABEÇOTE PN10;DN200;FD; 1,00 ;UN; 1.356,14 ; 1.356,14 
JUNTA DE DESMONTAGEM TRAVADA AXIALMENTE PN10;DN200;FD; 1,00 ;UN; 1.485,41 ; 1.485,41 
TUBO COM FLANGE E PONTA PN10;DN200x1,00m;FD; 1,00 ;UN; 1.329,48 ; 1.329,48 
LUVA DE CORRER COM BOLSAS JUNTA MECÂNICA;DN200;FD; 2,00 ;UN; 876,95 ; 1.753,90 
CURVA 90° BOLSAS JUNTA ELÁSTICA JE2GS;DN200;FD; 1,00 ;UN; 531,03 ; 531,03 
TAMPA PARA REGISTRO TD5;100mm;FD; 1,00 ;UN; 31,22 ; 31,22 
CAP BOLSAS JUNTA ELÁSTICA JE2GS;DN200;FD; 1,00 ;UN; 259,57 ; 259,57 
ARRUELA DE BORRACHA PARA JUNTA FLANGEADA PN10 - DN200;DN200;EPDM; 3,00 ;UN; 36,60 ; 109,80 
PARAFUSOS COM PORCAS SEXTAVADAS E ARRUELAS METÁLICAS PN10 - Ø20mmx90mm;Ø20mmx90mm;AÇO; 8,00 ;UN; 16,84 ; 134,72 
REDUÇÃO COM FLANGES PN10;DN600x500;FD; 1,00 ;UN; 7.251,84 ; 7.251,84 
TOCO COM FLANGES PN10;DN500x0,50m;FD; 1,00 ;UN; 4.015,91 ; 4.015,91 
TÊ DE REDUÇÃO COM FLANGES PN10;DN500x400;FD; 1,00 ;UN; 9.518,43 ; 9.518,43 
VÁLVULA DE GAVETA COM FLANGES E CUNHA DE BORRACHA CORPO CURTO COM CABEÇOTE PN10;DN400;FD; 1,00 ;UN; 10.172,35 ; 10.172,35 
TOCO COM FLANGES PN10;DN400x0,50m;FD; 1,00 ;UN; 2.621,36 ; 2.621,36 
JUNTA DE DESMONTAGEM TRAVADA AXIALMENTE PN10;DN400;FD; 1,00 ;UN; 3.952,35 ; 3.952,35 
CURVA 90° COM FLANGES PN10;DN400;FD; 1,00 ;UN; 5.519,80 ; 5.519,80 
TUBO COM FLANGE E PONTA PN10;DN400x2,00m;FD; 1,00 ;UN; 3.358,82 ; 3.358,82 
LUVA DE CORRER COM BOLSAS JUNTA MECÂNICA;DN400;FD; 1,00 ;UN; 2.807,60 ; 2.807,60 
TAMPA PARA REGISTRO TD5;100mm;FD; 3,00 ;UN; 31,22 ; 93,66 
ARRUELA DE BORRACHA PARA JUNTA FLANGEADA PN10 - DN400;DN400;EPDM; 5,00 ;UN; 131,77 ; 658,85 
ARRUELA DE BORRACHA PARA JUNTA FLANGEADA PN10 - DN500;DN500;EPDM; 3,00 ;UN; 135,46 ; 406,38 
ARRUELA DE BORRACHA PARA JUNTA FLANGEADA PN10 - DN600;DN600;EPDM; 1,00 ;UN; 128,42 ; 128,42 
PARAFUSOS COM PORCAS SEXTAVADAS E ARRUELAS METÁLICAS PN10 - Ø24mmx110mm;Ø24mmx110mm;AÇO; 48,00 ;UN; 33,04 ; 1.585,92 
PARAFUSOS COM PORCAS SEXTAVADAS E ARRUELAS METÁLICAS PN10 - Ø24mmx110mm;Ø24mmx110mm;AÇO; 40,00 ;UN; 33,04 ; 1.321,60 
PARAFUSOS COM PORCAS SEXTAVADAS E ARRUELAS METÁLICAS PN10 - Ø27mmx320mm;Ø27mmx320mm;AÇO; 20,00 ;UN; -   ; -   
LUVA DE CORRER COM BOLSAS JUNTA MECÂNICA;DN400;FD; 2,00 ;UN; 2.807,60 ; 5.615,20 
TÊ COM BOLSAS JUNTA ELÁSTICA JE2GS;DN400;FD; 1,00 ;UN; 3.365,50 ; 3.365,50 
CAP BOLSAS JUNTA ELÁSTICA JE2GS;DN400;FD; 1,00 ;UN; 1.206,57 ; 1.206,57 
TUBO COM PONTA E BOLSA JUNTA ELÁSTICA JE2GS K7;DN600;FD; 1.258,08 ;M; 1.290,75 ; 1.623.866,76 
TUBO COM PONTA E BOLSA JUNTA TRAVADA INTERNA JTI K7;DN600;FD; 178,21 ;M; 1.922,36 ; 342.583,78 
LUVA COM BOLSAS JUNTA TRAVADA INTERNA JTI;DN600;FD; 1,00 ;UN; 7.401,68 ; 7.401,68 
LUVA COM BOLSAS JUNTA ELÁSTICA JE2GS K7;DN600;FD; 1,00 ;UN; 3.957,85 ; 3.957,85 
CURVA 22°30' COM BOLSAS JUNTA TRAVADA INTERNA JTI;DN600;FD; 1,00 ;UN; 8.122,23 ; 8.122,23 
CURVA 45° COM BOLSAS JUNTA TRAVADA INTERNA JTI;DN600;FD; 3,00 ;UN; 10.019,07 ; 30.057,21 
CURVA 90° COM BOLSAS JUNTA TRAVADA INTERNA JTI;DN600;FD; 2,00 ;UN; 12.860,17 ; 25.720,34 
TÊ DE REDUÇÃO COM BOLSAS JUNTA TRAVADA INTERNA JTI E FLANGE PN10;DN600x100;FD; 3,00 ;UN; -   ; -   
VÁLVULA DE GAVETA COM FLANGES E CUNHA DE BORRACHA CORPO CURTO COM VOLANTE PN10;DN100;FD; 3,00 ;UN; 543,44 ; 1.630,32 
ARRUELA DE BORRACHA PARA JUNTA FLANGEADA PN10 - DN100;DN100;EPDM; 6,00 ;UN; 21,31 ; 127,86 
PARAFUSOS COM PORCAS SEXTAVADAS E ARRUELAS METÁLICAS PN10 - Ø16mmx80mm;Ø16mmx80mm;AÇO; 48,00 ;UN; 11,21 ; 538,08 
TÊ DE REDUÇÃO COM BOLSAS JUNTA TRAVADA INTERNA JTI E FLANGE PN10;DN600x200;FD; 3,00 ;UN; -   ; -   
CURVA 45° COM FLANGES PN10;DN200;FD; 3,00 ;UN; 581,29 ; 1.743,87 
TOCO COM FLANGES PN10;DN200x0,50m;FD; 3,00 ;UN; 730,31 ; 2.190,93 
VÁLVULA DE GAVETA COM FLANGES E CUNHA DE BORRACHA CORPO CURTO COM CABEÇOTE PN10;DN200;FD; 3,00 ;UN; 1.356,14 ; 4.068,42 
TUBO COM FLANGE E PONTA PN10;DN200x1,00m;FD; 3,00 ;UN; 1.329,48 ; 3.988,44 
TAMPA PARA REGISTRO TD5;100mm;FD; 3,00 ;UN; 31,22 ; 93,66 
ARRUELA DE BORRACHA PARA JUNTA FLANGEADA PN10 - DN200;DN200;EPDM; 12,00 ;UN; 36,60 ; 439,20 
PARAFUSOS COM PORCAS SEXTAVADAS E ARRUELAS METÁLICAS PN10 - Ø20mmx90mm;Ø20mmx90mm;AÇO; 96,00 ;UN; 16,84 ; 1.616,64 
VÁLVULA DE GAVETA COM FLANGES E CUNHA DE BORRACHA CORPO CURTO COM VOLANTE PN10;DN100;FD; 1,00 ;UN; 543,44 ; 543,44 
ARRUELA DE BORRACHA PARA JUNTA FLANGEADA PN10 - DN100;DN100;EPDM; 2,00 ;UN; 21,31 ; 42,62 
PARAFUSOS COM PORCAS SEXTAVADAS E ARRUELAS METÁLICAS PN10 - Ø16mmx80mm;Ø16mmx80mm;AÇO; 8,00 ;UN; 11,21 ; 89,68 
VÁLVULA DE GAVETA COM FLANGES E CUNHA DE BORRACHA CORPO CURTO COM CABEÇOTE PN10;DN200;FD; 1,00 ;UN; 1.356,14 ; 1.356,14 
TUBO COM FLANGE E PONTA PN10;DN200x1,00m;FD; 1,00 ;UN; 1.329,48 ; 1.329,48 
TAMPA PARA REGISTRO TD5;100mm;FD; 1,00 ;UN; 31,22 ; 31,22 
ARRUELA DE BORRACHA PARA JUNTA FLANGEADA PN10 - DN200;DN200;EPDM; 2,00 ;UN; 36,60 ; 73,20 
PARAFUSOS COM PORCAS SEXTAVADAS E ARRUELAS METÁLICAS PN10 - Ø20mmx90mm;Ø20mmx90mm;AÇO; 8,00 ;UN; 16,84 ; 134,72 
VÁLVULA DE GAVETA COM FLANGES E CUNHA DE BORRACHA CORPO CURTO COM CABEÇOTE PN10;DN100;FD; 2,00 ;UN; 504,94 ; 1.009,88 
TUBO COM FLANGE E PONTA PN10;DN100x1,00m;FD; 2,00 ;UN; 935,91 ; 1.871,82 
TAMPA PARA REGISTRO TD5;100mm;FD; 2,00 ;UN; 31,22 ; 62,44 
ARRUELA DE BORRACHA PARA JUNTA FLANGEADA PN10 - DN100;DN100;EPDM; 4,00 ;UN; 31,31 ; 125,24 
PARAFUSOS COM PORCAS SEXTAVADAS E ARRUELAS METÁLICAS PN10 - Ø16mmx80mm;Ø16mmx80mm;AÇO; 16,00 ;UN; 11,21 ; 179,36 
VÁLVULA DE GAVETA COM FLANGES E CUNHA DE BORRACHA CORPO CURTO COM CABEÇOTE PN10;DN100;FD; 2,00 ;UN; 504,94 ; 1.009,88 
TUBO COM FLANGE E PONTA PN10;DN100x1,00m;FD; 2,00 ;UN; 935,91 ; 1.871,82 
TAMPA PARA REGISTRO TD5;100mm;FD; 2,00 ;UN; 31,22 ; 62,44 
CURVA DE 90° COM BOLSAS JE2GS;DN100;FD; 2,00 ;UN; 243,04 ; 486,08 
ARRUELA DE BORRACHA PARA JUNTA FLANGEADA PN10 - DN100;DN100;EPDM; 4,00 ;UN; 21,31 ; 85,24 
PARAFUSOS COM PORCAS SEXTAVADAS E ARRUELAS METÁLICAS PN10 - Ø16mmx80mm;Ø16mmx80mm;AÇO; 16,00 ;UN; 11,21 ; 179,36 
VÁLVULA DE GAVETA COM FLANGES E CUNHA DE BORRACHA CORPO CURTO COM VOLANTE PN10;DN100;FD; 1,00 ;UN; 543,44 ; 543,44 
ARRUELA DE BORRACHA PARA JUNTA FLANGEADA PN10 - DN100;DN100;EPDM; 2,00 ;UN; 21,31 ; 42,62 
ARRUELA DE BORRACHA PARA JUNTA FLANGEADA PN10 - DN500;DN500;EPDM; 2,00 ;UN; 135,46 ; 270,92 
PARAFUSOS COM PORCAS SEXTAVADAS E ARRUELAS METÁLICAS PN10 - Ø16mmx80mm;Ø16mmx80mm;AÇO; 16,00 ;UN; 11,21 ; 179,36 
PARAFUSOS COM PORCAS SEXTAVADAS E ARRUELAS METÁLICAS PN10 - Ø24mmx300mm;Ø24mmx300mm;AÇO; 40,00 ;UN; -   ; -   
TUBO COM FLANGE E PONTA PN10;DN350x0,50m;FD; 2,00 ;UN; 1.729,40 ; 3.458,80 
CURVA 90° COM BOLSAS JUNTA TRAVADA INTERNA JTI;DN350;FD; 2,00 ;UN; 7.515,10 ; 15.030,20 
TUBO CILÍNDRICO K7 - DN350x0,85m;DN350x0,85m;FD; 1,00 ;UN; 1.243,91 ; 1.243,91 
TUBO COM FLANGE PN10 E PONTA;DN350x3,00m;FD; 1,00 ;UN; 3.720,45 ; 3.720,45 
TUBO COM FLANGES PN10;DN350x5,80m;FD; 1,00 ;UN; 6.779,89 ; 6.779,89 
TÊ DE REDUÇÃO COM FLANGES PN10;DN350x100;FD; 1,00 ;UN; 3.195,10 ; 3.195,10 
VÁLVULA DE GAVETA COM FLANGES E CUNHA DE BORRACHA CORPO CURTO COM VOLANTE PN10;DN100;FD; 1,00 ;UN; 543,44 ; 543,44 
TUBO COM FLANGE PN10 E PONTA PN10;DN350x2,50m;FD; 1,00 ;UN; 3.297,93 ; 3.297,93 
CURVA 45° COM BOLSAS JUNTA TRAVADA INTERNA JTI;DN350;FD; 2,00 ;UN; 3.548,65 ; 7.097,30 
TUBO CILÍNDRICO K7 - DN350x1,50m;DN350x1,50m;FD; 1,00 ;UN; 2.033,91 ; 2.033,91 
ARRUELA DE BORRACHA PARA JUNTA FLANGEADA PN10 - DN100;DN100;EPDM; 2,00 ;UN; 21,31 ; 42,62 
ARRUELA DE BORRACHA PARA JUNTA FLANGEADA PN10 - DN350;DN350;EPDM; 5,00 ;UN; 119,37 ; 596,85 
PARAFUSOS COM PORCAS SEXTAVADAS E ARRUELAS METÁLICAS PN10 - Ø16mmx80mm;Ø16mmx80mm;AÇO; 16,00 ;UN; 11,21 ; 179,36 
PARAFUSOS COM PORCAS SEXTAVADAS E ARRUELAS METÁLICAS PN10 - Ø20mmx100mm;Ø20mmx100mm;AÇO; 48,00 ;UN; 17,99 ; 863,52 
PARAFUSOS COM PORCAS SEXTAVADAS E ARRUELAS METÁLICAS PN10 - Ø20mmx220mm;Ø20mmx220mm;AÇO; 32,00 ;UN; -   ; -   
LUVA DE CORRER COM BOLSAS JUNTA MECÂNICA;DN300;FD; 4,00 ;UN; 1.556,80 ; 6.227,20 
TUBO CILÍNDRICO K7 - DN300x0,50m;DN300x0,50m;FD; 7,00 ;UN; 780,30 ; 5.462,10 
TÊ COM BOLSAS JUNTA ELÁSTICA JE2GS;DN300;FD; 2,00 ;UN; 1.348,77 ; 2.697,54 
CURVA 22°30' COM BOLSAS JUNTA ELÁSTICA JE2GS;DN300;FD; 2,00 ;UN; 699,24 ; 1.398,48 
TUBO COM PONTA E BOLSA JUNTA ELÁSTICA JE2GS K7;DN300x6,00m;FD; 1,00 ;UN; 588,70 ; 588,70 
TUBO CILÍNDRICO K7 - DN300x2,67m;DN300x2,67m;FD; 1,00 ;UN; 2.974,65 ; 2.974,65 
VÁLVULA DE GAVETA COM BOLSAS COM CUNHA DE BORRACHA CORPO CURTO COM CABEÇOTE;DN300;FD; 1,00 ;UN; 2.809,27 ; 2.809,27 
TUBO COM PONTA E BOLSA MPVC JEI 1MPA DEFOFO;DN150;DEFOFO; 1,05 ;M; -   ; -   
TAMPA PARA REGISTRO TD5;100mm;FD; 1,00 ;UN; 31,22 ; 31,22 
TÊ COM FLANGES PN10;DN300;FD; 1,00 ;UN; 2.853,53 ; 2.853,53 
TUBO COM FLANGE E PONTA PN10;DN300x1,00m;FD; 2,00 ;UN; 1.849,52 ; 3.699,04 
LUVA DE CORRER COM BOLSAS JUNTA MECÂNICA;DN300;FD; 2,00 ;UN; 1.553,80 ; 3.107,60 
JUNTA DE DESMONTAGEM TRAVADA AXIALMENTE PN10;DN300;FD; 1,00 ;UN; 2.693,66 ; 2.693,66 
VÁLVULA DE GAVETA COM FLANGES E CUNHA DE BORRACHA CORPO CURTO COM CABEÇOTE PN10;DN300;FD; 1,00 ;UN; 2.809,27 ; 2.809,27 
TUBO COM FLANGE E PONTA PN10;DN600x0,50m;FD; 1,00 ;UN; 2.989,70 ; 2.989,70 
LUVA DE CORRER COM BOLSAS JUNTA MECÂNICA;DN600;FD; 1,00 ;UN; 7.276,10 ; 7.276,10 
TAMPA PARA REGISTRO TD5;100mm;FD; 1,00 ;UN; 31,22 ; 31,22 
ARRUELA DE BORRACHA PARA JUNTA FLANGEADA PN10 - DN300;DN300;EPDM; 5,00 ;UN; 128,42 ; 642,10 
ARRUELA DE BORRACHA PARA JUNTA FLANGEADA PN10 - DN600;DN600;EPDM; 1,00 ;UN; 128,42 ; 128,42 
PARAFUSOS COM PORCAS SEXTAVADAS E ARRUELAS METÁLICAS PN10 - Ø20mmx100mm;Ø20mmx100mm;AÇO; 24,00 ;UN; 17,99 ; 431,76 
PARAFUSOS COM PORCAS SEXTAVADAS E ARRUELAS METÁLICAS PN10 - Ø20mmx200mm;Ø20mmx200mm;AÇO; 12,00 ;UN; -   ; -   
PARAFUSOS COM PORCAS SEXTAVADAS E ARRUELAS METÁLICAS PN10 - Ø27mmx360mm;Ø27mmx360mm;AÇO; 20,00 ;UN; -   ; -   
TÊ COM FLANGES PN10;DN300;FD; 1,00 ;UN; 2.853,53 ; 2.853,53 
TUBO COM FLANGE E PONTA PN10;DN300x1,00m;FD; 2,00 ;UN; 1.849,52 ; 3.699,04 
LUVA DE CORRER COM BOLSAS JUNTA MECÂNICA;DN300;FD; 2,00 ;UN; 1.556,80 ; 3.113,60 
JUNTA DE DESMONTAGEM TRAVADA AXIALMENTE PN10;DN300;FD; 1,00 ;UN; 2.693,66 ; 2.693,66 
VÁLVULA DE GAVETA COM FLANGES E CUNHA DE BORRACHA CORPO CURTO COM CABEÇOTE PN10;DN300;FD; 1,00 ;UN; 2.809,27 ; 2.809,27 
TAMPA PARA REGISTRO TD5;100mm;FD; 1,00 ;UN; 31,22 ; 31,22 
ARRUELA DE BORRACHA PARA JUNTA FLANGEADA PN10 - DN300;DN300;EPDM; 5,00 ;UN; 97,86 ; 489,30 
PARAFUSOS COM PORCAS SEXTAVADAS E ARRUELAS METÁLICAS PN10 - Ø20mmx100mm;Ø20mmx100mm;AÇO; 24,00 ;UN; 17,99 ; 431,76 
PARAFUSOS COM PORCAS SEXTAVADAS E ARRUELAS METÁLICAS PN10 - Ø20mmx205mm;Ø20mmx205mm;AÇO; 12,00 ;UN; -   ; -   
TÊ COM FLANGES PN10;DN300;FD; 1,00 ;UN; 2.853,53 ; 2.853,53 
TUBO COM FLANGE E PONTA PN10;DN300x1,00m;FD; 2,00 ;UN; 1.849,52 ; 3.699,04 
LUVA DE CORRER COM BOLSAS JUNTA MECÂNICA;DN300;FD; 2,00 ;UN; 1.556,80 ; 3.113,60 
JUNTA DE DESMONTAGEM TRAVADA AXIALMENTE PN10;DN300;FD; 1,00 ;UN; 2.693,66 ; 2.693,66 
VÁLVULA DE GAVETA COM FLANGES E CUNHA DE BORRACHA CORPO CURTO COM CABEÇOTE PN10;DN300;FD; 1,00 ;UN; 2.809,27 ; 2.809,27 
TOCO COM FLANGES PN10;DN300x0,25m;FD; 1,00 ;UN; 1.040,44 ; 1.040,44 
ARRUELA DE BORRACHA PARA JUNTA FLANGEADA PN10 - DN300;DN300;EPDM; 6,00 ;UN; 97,86 ; 587,16 
PARAFUSOS COM PORCAS SEXTAVADAS E ARRUELAS METÁLICAS PN10 - Ø20mmx100mm;Ø20mmx100mm;AÇO; 36,00 ;UN; 17,99 ; 647,64 
PARAFUSOS COM PORCAS SEXTAVADAS E ARRUELAS METÁLICAS PN10 - Ø20mmx205mm;Ø20mmx205mm;AÇO; 12,00 ;UN; -   ; -   
TÊ COM FLANGES PN10;DN300;FD; 1,00 ;UN; 2.853,53 ; 2.853,53 
TUBO COM FLANGE E PONTA PN10;DN300x1,00m;FD; 2,00 ;UN; 1.849,52 ; 3.699,04 
LUVA DE CORRER COM BOLSAS JUNTA MECÂNICA;DN300;FD; 2,00 ;UN; 1.556,80 ; 3.113,60 
JUNTA DE DESMONTAGEM TRAVADA AXIALMENTE PN10;DN300;FD; 1,00 ;UN; 2.693,66 ; 2.693,66 
VÁLVULA DE GAVETA COM FLANGES E CUNHA DE BORRACHA CORPO CURTO COM CABEÇOTE PN10;DN300;FD; 1,00 ;UN; 2.809,27 ; 2.809,27 
REDUÇÃO CONCÊNTRICA COM FLANGES PN10;DN350x300;FD; 1,00 ;UN; 2.029,61 ; 2.029,61 
ARRUELA DE BORRACHA PARA JUNTA FLANGEADA PN10 - DN300;DN300;EPDM; 5,00 ;UN; 97,86 ; 489,30 
ARRUELA DE BORRACHA PARA JUNTA FLANGEADA PN10 - DN350;DN350;EPDM; 1,00 ;UN; 119,37 ; 119,37 
PARAFUSOS COM PORCAS SEXTAVADAS E ARRUELAS METÁLICAS PN10 - Ø20mmx100mm;Ø20mmx100mm;AÇO; 36,00 ;UN; 17,99 ; 647,64 
PARAFUSOS COM PORCAS SEXTAVADAS E ARRUELAS METÁLICAS PN10 - Ø20mmx220mm;Ø20mmx220mm;AÇO; 16,00 ;UN; -   ; -   
LUVA DE CORRER COM BOLSAS JUNTA MECÂNICA;DN300;FD; 3,00 ;UN; 1.556,80 ; 4.670,40 
TUBO CILÍNDRICO K7 - DN300x0,50m;DN300x0,50m;FD; 4,00 ;UN; 780,30 ; 3.121,20 
VÁLVULA DE GAVETA COM BOLSAS COM CUNHA DE BORRACHA CORPO CURTO COM CABEÇOTE;DN300;FD; 3,00 ;UN; 2.809,27 ; 8.427,81 
TÊ COM BOLSAS JUNTA ELÁSTICA JE2GS;DN300;FD; 1,00 ;UN; 1.348,77 ; 1.348,77 
TUBO CILÍNDRICO K7 - DN300x0,36m;DN300x0,36m;FD; 1,00 ;UN; 1.243,91 ; 1.243,91 
CURVA 45° COM BOLSAS JUNTA ELÁSTICA JE2GS;DN300;FD; 1,00 ;UN; 871,07 ; 871,07 
TUBO CILÍNDRICO K7 - DN300x5,00m;DN300x5,00m;FD; 2,00 ;UN; 5.027,22 ; 10.054,44 
TUBO CILÍNDRICO K7 - DN300x2,00m;DN300x2,00m;FD; 1,00 ;UN; 2.109,60 ; 2.109,60 
TÊ COM BOLSAS E JUNTA TRAVADA INTERNA JTI;DN600x300;FD; 1,00 ;UN; 12.638,50 ; 12.638,50 
TAMPA PARA REGISTRO TD5;100mm;FD; 3,00 ;UN; 31,22 ; 93,66 
